﻿[{"lv":25,"slots":[{"item":"Giant's Hammer","q":"Legendary"},{"item":"Valkyrie Armor","q":"Legendary"},{"item":"Frozen Helm","q":"Legendary"},{"item":"King's Gauntlets","q":"Legendary"},{"item":"Moon Boots","q":"Legendary"},{"item":"Starry Shield","q":"Legendary"},{"item":"Elixir","q":"Legendary"}]},{"lv":"30","slots":[{"item":"Balmung","q":"Legendary"},{"item":"Gold Stitch","q":"Legendary"},{"item":"Adventurer's Helm","q":"Legendary"},{"item":"Protector Gauntlets","q":"Legendary"},{"item":"Magic Riders","q":"Legendary"},{"item":"Starry Shield","q":"Legendary"},{"item":"Rejuvenating Tea","q":"Legendary"}]},{"lv":"35","slots":[{"item":"Balmung","q":"Legendary"},{"item":"Eldritch Mail","q":"Epic"},{"item":"Adventurer's Helm","q":"Legendary"},{"item":"Giga-Brace","q":"Legendary"},{"item":"Lord's Boots","q":"Mythical"},{"item":"Argus' Shield","q":"Mythical"},{"item":"Elixir","q":"Legendary"}]},{"lv":"40","slots":[{"item":"Balmung","q":"Legendary"},{"item":"Draconic Plate","q":"Epic"},{"item":"Champion's Helm","q":"Legendary"},{"item":"Adamantium Fists","q":"Flawless"},{"item":"King's Boots","q":"Legendary"},{"item":"Skadi's Charm","q":"Legendary"},{"item":"Strength Seed","q":"Legendary"}]},{"lv":"41","slots":[{"item":"Balmung","q":"Legendary"},{"item":"Draconic Plate","q":"Epic"},{"item":"Adamantium Helm","q":"Epic"},{"item":"Fire Smashers","q":"Legendary"},{"item":"Royal Greaves","q":"Flawless"},{"item":"Adventurer's Shield","q":"Epic"},{"item":"Rejuvenating Tea","q":"Legendary"}]},{"lv":"42","slots":[{"item":"Balmung","q":"Legendary"},{"item":"Draconic Plate","q":"Legendary"},{"item":"Adamantium Helm","q":"Epic"},{"item":"Adamantium Fists","q":"Epic"},{"item":"Moon Boots","q":"Legendary"},{"item":"Mystic Ring","q":"Legendary"},{"item":"Jack's Brew","q":"Legendary"}]},{"lv":"42","slots":[{"item":"Pulverizer","q":"Mythical"},{"item":"Valkyrie's Embrace","q":"Legendary"},{"item":"Valkyrie Helm","q":"Epic"},{"item":"Dragonscale Gauntlets","q":"Legendary"},{"item":"Draconic Greaves","q":"Epic"},{"item":"Cat's Eye","q":"Mythical"},{"item":"Rejuvenating Tea","q":"Legendary"}]},{"lv":"42","slots":[{"item":"Balmung","q":"Legendary"},{"item":"Dark Silver Armor","q":"Epic"},{"item":"Adamantium Helm","q":"Epic"},{"item":"Dragonscale Gauntlets","q":"Epic"},{"item":"King's Boots","q":"Legendary"},{"item":"Medusa Buckler","q":"Epic"},{"item":"Jack's Brew","q":"Legendary"}]},{"lv":"42","slots":[{"item":"Balmung","q":"Legendary"},{"item":"Draconic Plate","q":"Flawless"},{"item":"Dragonscale Helmet","q":"Legendary"},{"item":"Dragonscale Gauntlets","q":"Legendary"},{"item":"Moon Boots","q":"Legendary"},{"item":"Angelic Strings","q":"Epic"},{"item":"Strength Seed","q":"Legendary"}]},{"lv":"30","slots":[{"item":"Candy Cane Pistol","q":"Mythical"},{"item":"Gold Stitch","q":"Mythical"},{"item":"Cowboy Hat","q":"Legendary"},{"item":"Midas' Gloves","q":"Legendary"},{"item":"Path Finders","q":"Legendary"},{"item":"Mystic Ring","q":"Legendary"},{"item":"Singing Chakram","q":"Legendary"}]},{"lv":"38","slots":[{"item":"Rising Sun","q":"Mythical"},{"item":"Wyrm Hide","q":"Legendary"},{"item":"Runic Tiara","q":"Epic"},{"item":"Midas' Gloves","q":"Legendary"},{"item":"Arcane Sandals","q":"Legendary"},{"item":"Mystic Ring","q":"Legendary"},{"item":"Singing Chakram","q":"Legendary"}]},{"lv":"40","slots":[{"item":"Lovestruck","q":"Legendary"},{"item":"Shadow Lurker","q":"Legendary"},{"item":"Runic Tiara","q":"Legendary"},{"item":"Midas' Gloves","q":"Legendary"},{"item":"Moon Walkers","q":"Legendary"},{"item":"Mystic Ring","q":"Legendary"},{"item":"Strength Seed","q":"Legendary"}]},{"lv":"41","slots":[{"item":"Balmung","q":"Legendary"},{"item":"Valkyrie's Embrace","q":"Legendary"},{"item":"Jorou's Crown","q":"Epic"},{"item":"Midas' Gloves","q":"Legendary"},{"item":"Moon Boots","q":"Legendary"},{"item":"Mystic Ring","q":"Legendary"},{"item":"Jack's Brew","q":"Legendary"}]},{"lv":"41","slots":[{"item":"Balmung","q":"Legendary"},{"item":"Valkyrie's Embrace","q":"Legendary"},{"item":"Jorou's Crown","q":"Epic"},{"item":"Midas' Gloves","q":"Legendary"},{"item":"King's Boots","q":"Legendary"},{"item":"Mystic Ring","q":"Legendary"},{"item":"Singing Chakram","q":"Legendary"}]},{"lv":"42","slots":[{"item":"Balmung","q":"Legendary"},{"item":"Valkyrie's Embrace","q":"Legendary"},{"item":"Jorou's Crown","q":"Legendary"},{"item":"Midas' Gloves","q":"Legendary"},{"item":"Moon Walkers","q":"Legendary"},{"item":"Mystic Ring","q":"Legendary"},{"item":"Exploding Darts","q":"Legendary"}]},{"lv":"43","slots":[{"item":"Hundred Ton","q":"Epic"},{"item":"Valkyrie's Embrace","q":"Legendary"},{"item":"Jorou's Crown","q":"Legendary"},{"item":"Adamantium Fists","q":"Epic"},{"item":"Moon Walkers","q":"Legendary"},{"item":"Adventurer's Shield","q":"Legendary"},{"item":"Magic Seed","q":"Epic"}]},{"lv":"42","slots":[{"item":"Balmung","q":"Legendary"},{"item":"Valkyrie's Embrace","q":"Legendary"},{"item":"Jorou's Crown","q":"Epic"},{"item":"Midas' Gloves","q":"Legendary"},{"item":"Moon Walkers","q":"Legendary"},{"item":"Mystic Ring","q":"Legendary"},{"item":"Thunder Clap","q":"Epic"}]},{"lv":"41","slots":[{"item":"Dragon Fang","q":"Legendary"},{"item":"Valkyrie's Embrace","q":"Legendary"},{"item":"Jorou's Crown","q":"Legendary"},{"item":"Midas' Gloves","q":"Legendary"},{"item":"Moon Walkers","q":"Legendary"},{"item":"Mystic Ring","q":"Legendary"},{"item":"Thunder Clap","q":"Epic"}]},{"lv":"25","slots":[{"item":"Soul Stealer","q":"Mythical"},{"item":"Gaia's Mantle","q":"Mythical"},{"item":"Cowboy Hat","q":"Legendary"},{"item":"Midas' Gloves","q":"Legendary"},{"item":"Moon Walkers","q":"Legendary"},{"item":"Mystic Ring","q":"Legendary"},{"item":"Phoenix Dust","q":"Mythical"}]},{"lv":"35","slots":[{"item":"Lovestruck","q":"Legendary"},{"item":"Nightmare Cape","q":"Legendary"},{"item":"Dark Visage","q":"Legendary"},{"item":"Midas' Gloves","q":"Legendary"},{"item":"Moon Walkers","q":"Legendary"},{"item":"Golden String","q":"Mythical"},{"item":"Elixir","q":"Legendary"}]},{"lv":"38","slots":[{"item":"Lovestruck","q":"Legendary"},{"item":"Nightmare Cape","q":"Legendary"},{"item":"Runic Tiara","q":"Legendary"},{"item":"Midas' Gloves","q":"Legendary"},{"item":"Draconic Boots","q":"Epic"},{"item":"Skadi's Charm","q":"Mythical"},{"item":"Elixir","q":"Legendary"}]},{"lv":40,"slots":[{"item":"Valkyrie's Wisdom","q":"Epic"},{"item":"Plasmic Robe","q":"Epic"},{"item":"Demonic Visage","q":"Flawless"},{"item":"Midas' Gloves","q":"Legendary"},{"item":"Moon Walkers","q":"Legendary"},{"item":"Mystic Ring","q":"Legendary"},{"item":"Magic Seed","q":"Epic"}]},{"lv":"41","slots":[{"item":"Lovestruck","q":"Legendary"},{"item":"Archwizard Robe","q":"Epic"},{"item":"Demonic Visage","q":"Flawless"},{"item":"Midas' Gloves","q":"Legendary"},{"item":"Moon Walkers","q":"Legendary"},{"item":"Mystic Ring","q":"Legendary"},{"item":"Divine Tome","q":"Epic"}]},{"lv":"45","slots":[{"item":"Valkyrie's Wisdom","q":"Legendary"},{"item":"Patriot's Jacket","q":"Epic"},{"item":"Jorou's Crown","q":"Epic"},{"item":"Midas' Gloves","q":"Legendary"},{"item":"Moon Walkers","q":"Legendary"},{"item":"Mystic Ring","q":"Legendary"},{"item":"Dragon Dust","q":"Legendary"}]},{"lv":"42","slots":[{"item":"Balmung","q":"Legendary"},{"item":"Archwizard Robe","q":"Legendary"},{"item":"Valkyrie Helm","q":"Epic"},{"item":"Adamantium Fists","q":"Epic"},{"item":"Moon Boots","q":"Legendary"},{"item":"Wisdom Ocarina","q":"Epic"},{"item":"Jack's Brew","q":"Legendary"}]},{"lv":"42","slots":[{"item":"Lovestruck","q":"Legendary"},{"item":"Archwizard Robe","q":"Epic"},{"item":"Champion's Helm","q":"Legendary"},{"item":"Adamantium Fists","q":"Epic"},{"item":"King's Boots","q":"Legendary"},{"item":"Goddess' Tear","q":"Legendary"},{"item":"Divine Tome","q":"Epic"}]},{"lv":"40","slots":[{"item":"Lovestruck","q":"Legendary"},{"item":"Valkyrie's Embrace","q":"Epic"},{"item":"Runic Coif","q":"Legendary"},{"item":"Midas' Gloves","q":"Legendary"},{"item":"Moon Walkers","q":"Legendary"},{"item":"Wisdom Ocarina","q":"Epic"},{"item":"Divine Tome","q":"Epic"}]}]