[{},{},{},{},{},{},{},{"skill":{"m":false}},{},{},{},{"skill":{"m":false}},{},{},{},{"skill":{"m":true}},{},{},{},{"skill":{"m":false}},{},{"skill":{"m":false}},{"skill":{"m":false}},{},{},{},{"skill":{"m":false}},{"skill":{"m":false}},{"skill":{"m":false}},{"skill":{"m":false}},{},{},{},{},{},{},{},{"skill":{"m":true}},{},{},{},{},{},{},{"skill":{"m":true}},{},{"skill":{"m":true}},{},{},{},{"skill":{"m":false}},{},{},{"skill":{"m":false}},{},{"skill":{"m":false}},{},{},{"skill":{"m":false}},{"skill":{"m":false}},{"skill":{"m":false}},{"skill":{"m":false}},{},{},{},{},{},{"skill":{"m":true}},{},{"skill":{"m":false}},{},{},{},{},{},{},{},{"skill":{"m":false}},{},{"skill":{"m":true}},{},{},{},{},{"skill":{"m":false}},{"skill":{"m":false}},{},{},{},{"skill":{"m":false}},{"skill":{"m":false}},{"skill":{"m":false}},{},{},{},{},{"skill":{"m":true}},{},{},{},{},{},{"skill":{"m":false}},{},{"skill":{"m":false}},{},{},{},{},{},{},{},{"skill":{"m":false}},{"skill":{"m":false}},{},{},{"skill":{"m":false}},{},{"skill":{"m":false}},{},{"skill":{"m":false}},{"skill":{"m":false}},{"skill":{"m":false}},{},{},{},{},{},{},{"skill":{"m":false}},{},{},{},{},{"skill":{"m":false}},{},{"skill":{"m":false}},{},{},{},{},{},{},{},{},{"skill":{"m":false}},{},{"skill":{"m":false}},{"skill":{"m":false}},{"skill":{"m":true}},{},{},{"skill":{"m":false}},{"skill":{"m":false}},{"skill":{"m":false}},{"skill":{"m":false}},{},{},{},{},{},{},{},{"skill":{"m":true}},{},{},{},{"skill":{"m":true}},{},{},{},{},{"skill":{"m":false}},{},{"skill":{"m":false}},{"skill":{"m":true}},{},{},{"skill":{"m":false}},{"skill":{"m":false}},{},{},{},{"skill":{"m":true}},{"skill":{"m":false}},{"skill":{"m":false}},{"skill":{"m":false}},{},{},{},{},{},{},{},{"skill":{"m":true}},{},{},{},{"skill":{"m":false}},{},{"skill":{"m":false}},{},{},{},{},{},{},{"skill":{"m":false}},{},{"skill":{"m":false}},{"skill":{"m":false}},{},{},{"skill":{"m":false}},{"skill":{"m":false}},{"skill":{"m":false}},{"skill":{"m":false}},{"skill":{"m":false}},{},{},{},{},{},{},{"skill":{"m":false}},{},{},{},{"skill":{"m":true}},{},{},{"skill":{"m":false}},{},{"skill":{"m":true}},{},{"skill":{"m":false}},{},{},{},{},{"skill":{"m":false}},{},{"skill":{"m":false}},{},{"skill":{"m":false}},{"skill":{"m":false}},{},{"skill":{"m":false}},{"skill":{"m":false}},{"skill":{"m":false}},{},{},{},{},{},{"skill":{"m":false}},{},{},{},{},{"skill":{"m":false}},{},{"skill":{"m":false}},{},{},{},{"skill":{"m":false}},{},{},{},{"skill":{"m":false}},{},{"skill":{"m":false}},{},{"skill":{"m":false}},{},{"skill":{"m":false}},{"skill":{"m":false}},{"skill":{"m":false}},{"skill":{"m":false}},{},{},{},{},{},{},{"skill":{"m":true}},{"skill":{"m":false}},{},{},{"skill":{"m":false}},{},{},{},{"skill":{"m":false}},{},{},{},{},{},{},{},{"skill":{"m":false}},{"skill":{"m":false}},{},{"skill":{"m":false}},{},{},{"skill":{"m":false}},{"skill":{"m":false}},{"skill":{"m":false}},{"skill":{"m":false}},{"skill":{"m":false}},{},{},{},{},{"skill":{"m":false}},{},{},{},{},{},{},{},{},{},{},{},{"skill":{"m":false}},{"skill":{"m":true}},{"skill":{"m":false}},{},{},{},{},{"skill":{"m":false}},{"skill":{"m":false}},{},{"skill":{"m":true}},{"skill":{"m":false}},{},{},{"skill":{"m":false}},{"skill":{"m":false}},{"skill":{"m":false}},{"skill":{"m":false}},{"skill":{"m":false}},{},{},{},{},{},{},{"skill":{"m":false}},{},{},{},{},{"skill":{"m":false}},{},{"skill":{"m":true}},{},{"skill":{"m":false}},{},{},{},{},{},{"skill":{"m":false}},{},{"skill":{"m":false}},{},{"skill":{"m":false}},{"skill":{"m":false}},{},{"skill":{"m":false}},{},{"skill":{"m":false}},{"skill":{"m":false}},{"skill":{"m":false}},{},{},{},{},{},{},{"skill":{"m":false}},{},{"skill":{"m":false}},{},{},{},{},{"skill":{"m":false}},{},{},{},{"skill":{"m":false}},{},{},{},{"skill":{"m":false}},{},{"skill":{"m":false}},{},{"skill":{"m":false}},{},{"skill":{"m":false}},{"skill":{"m":false}},{"skill":{"m":true}},{"skill":{"m":false}},{"skill":{"m":false}},{},{},{},{},{},{},{"skill":{"m":false}},{},{},{},{},{"skill":{"m":false}},{},{},{"skill":{"m":false}},{},{},{},{},{"skill":{"m":false}},{},{},{"skill":{"m":false}},{},{"skill":{"m":false}},{},{"skill":{"m":false}},{"skill":{"m":false}},{},{"skill":{"m":false}},{"skill":{"m":false}},{},{},{},{},{},{"skill":{"m":true}},{},{},{},{},{},{},{},{},{"skill":{"m":false}},{},{"skill":{"m":false}},{},{},{},{},{},{"skill":{"m":false}},{"skill":{"m":false}},{},{"skill":{"m":false}},{},{},{"skill":{"m":false}},{"skill":{"m":false}},{"skill":{"m":false}},{"skill":{"m":false}},{},{},{},{},{},{},{},{"skill":{"m":true}},{},{},{},{},{},{},{},{},{"skill":{"m":false}},{"skill":{"m":true}},{},{},{},{},{"skill":{"m":false}},{"skill":{"m":false}},{},{"skill":{"m":false}},{},{},{"skill":{"m":true}},{"skill":{"m":false}},{"skill":{"m":false}},{"skill":{"m":false}},{"skill":{"m":false}},{},{},{},{},{},{"skill":{"m":true}},{},{},{"skill":{"m":false}},{},{},{},{},{},{},{},{"skill":{"m":false}},{"skill":{"m":true}},{},{},{},{},{"skill":{"m":false}},{"skill":{"m":false}},{},{"skill":{"m":false}},{},{},{"skill":{"m":false}},{"skill":{"m":false}},{"skill":{"m":false}},{"skill":{"m":false}},{"skill":{"m":false}},{},{},{},{},{},{"skill":{"m":true}},{},{},{},{},{},{},{},{"skill":{"m":false}},{},{"skill":{"m":true}},{},{},{},{},{"skill":{"m":true}},{"skill":{"m":true}},{},{"skill":{"m":false}},{},{"skill":{"m":false}},{},{},{"skill":{"m":false}},{"skill":{"m":false}},{"skill":{"m":false}},{"skill":{"m":false}},{"skill":{"m":false}},{},{},{},{},{},{"skill":{"m":true}},{},{},{"skill":{"m":true}},{},{},{},{},{},{},{},{"skill":{"m":false}},{"skill":{"m":true}},{},{},{},{},{"skill":{"m":false}},{"skill":{"m":false}},{},{"skill":{"m":false}},{"skill":{"m":true}},{},{},{"skill":{"m":false}},{"skill":{"m":false}},{"skill":{"m":false}},{"skill":{"m":false}},{},{},{},{},{"skill":{"m":false}},{},{},{},{},{},{},{"skill":{"m":false}},{},{"skill":{"m":true}},{},{},{},{},{"skill":{"m":true}},{},{"skill":{"m":false}},{},{},{},{"skill":{"m":true}},{"skill":{"m":false}},{},{"skill":{"m":false}},{"skill":{"m":true}},{},{"skill":{"m":false}},{},{"skill":{"m":false}},{"skill":{"m":false}},{"skill":{"m":false}},{},{},{},{},{},{},{},{},{"skill":{"m":false}},{},{"skill":{"m":true}},{},{},{"skill":{"m":false}},{},{},{"skill":{"m":false}},{},{"skill":{"m":false}},{},{},{},{},{},{"skill":{"m":false}},{"skill":{"m":false}},{},{},{},{"skill":{"m":false}},{"skill":{"m":false}},{"skill":{"m":false}},{"skill":{"m":false}},{},{},{},{},{},{},{"skill":{"m":true}},{},{},{},{},{},{"skill":{"m":false}},{},{},{"skill":{"m":true}},{},{},{},{},{"skill":{"m":false}},{},{"skill":{"m":false}},{},{"skill":{"m":false}},{},{},{"skill":{"m":false}},{"skill":{"m":false}},{"skill":{"m":false}},{"skill":{"m":false}},{"skill":{"m":false}},{"skill":{"m":false}},{},{},{},{},{"skill":{"m":true}},{},{"skill":{"m":false}},{},{},{},{},{},{},{"skill":{"m":false}},{},{},{},{},{"skill":{"m":true}},{},{},{"skill":{"m":true}},{},{"skill":{"m":false}},{},{"skill":{"m":false}},{},{"skill":{"m":false}},{"skill":{"m":false}},{},{"skill":{"m":false}},{"skill":{"m":false}},{"skill":{"m":false}},{"skill":{"m":false}},{},{},{},{},{},{},{"skill":{"m":true}},{"skill":{"m":false}},{},{},{},{},{},{"skill":{"m":false}},{},{"skill":{"m":false}},{},{},{},{"skill":{"m":false}},{},{},{},{"skill":{"m":false}},{},{"skill":{"m":true}},{"skill":{"m":false}},{},{"skill":{"m":false}},{},{"skill":{"m":false}},{"skill":{"m":false}},{"skill":{"m":false}},{},{},{},{},{},{},{},{"skill":{"m":false}},{},{},{"skill":{"m":false}},{},{},{},{},{},{"skill":{"m":false}},{},{},{},{"skill":{"m":false}},{},{"skill":{"m":false}},{},{"skill":{"m":true}},{"skill":{"m":false}},{},{"skill":{"m":false}},{"skill":{"m":false}},{},{"skill":{"m":false}},{"skill":{"m":false}},{"skill":{"m":false}}]